{
  "nombre": "Bruno",
  "apellido": "Rodríguez",
  "titulo": "Junior developer",
  "experienciaLaboral": [
    {
      "puesto": "Puesto",
      "empresa": "Empresa 1",
      "periodo": "Enero 2019 - Presente"
    },
    {
      "puesto": "Puesto 2",
      "empresa": "Empresa 2",
      "periodo": "Mayo 2017 - Diciembre 2018"
    }
  ],
  "educacion": [
    {
      "titulo": "comunicación audiovisual",
      "institucion": "universidad de Sevilla"
    },
    {
      "titulo": "DAM",
      "institucion": "IES Pio Baroja"
    }
  ],
  "habilidades": [
    "Java",
    "Maven",
    "Json"
  ],
  "idiomas": [
    {
      "idioma": "English",
      "nivel": "B2"
    },
    {
      "idioma": "Español",
      "nivel": "Nativo"
    }
  ]
}