<?xml version="1.0" encoding="UTF-8" standalone="yes"?>
<empleados>
    <empleado id="2">
        <dni>98765432B</dni>
        <nombre>Maria López</nombre>
        <fechaNacimiento>15-12-1995</fechaNacimiento>
        <telefono>620847362</telefono>
        <salary>2000.0</salary>
    </empleado>
    <empleado id="3">
        <dni>11223344C</dni>
        <nombre>Carlos Rodríguez</nombre>
        <fechaNacimiento>12-04-1996</fechaNacimiento>
        <telefono>621345672</telefono>
        <salary>2500.0</salary>
    </empleado>
    <empleado id="5">
        <dni>29645378V</dni>
        <nombre>Pepito Perez</nombre>
        <fechaNacimiento>22-03-1993</fechaNacimiento>
        <telefono>696567473</telefono>
        <salary>2000.0</salary>
    </empleado>
    <empleado id="7">
        <dni>29777453C</dni>
        <nombre>John doe</nombre>
        <fechaNacimiento>11-11-2011</fechaNacimiento>
        <telefono>666666666</telefono>
        <salary>2800.0</salary>
    </empleado>
</empleados>
