<?xml version="1.0" encoding="UTF-8" standalone="yes"?>
<localidades>
    <localidad>
        <nombre>Alcalá de Henares</nombre>
        <codLocalidad>ES-ALC1</codLocalidad>
    </localidad>
    <localidad>
        <nombre>Sabadell</nombre>
        <codLocalidad>ES-SBD1</codLocalidad>
    </localidad>
    <localidad>
        <nombre>Triana</nombre>
        <codLocalidad>ES-TNA1</codLocalidad>
    </localidad>
    <localidad>
        <nombre>Santiago de Compostela</nombre>
        <codLocalidad>ES-SC1</codLocalidad>
    </localidad>
    <localidad>
        <nombre>Ayamonte</nombre>
        <codLocalidad>AY-ES</codLocalidad>
    </localidad>
    <localidad>
        <nombre>Pozuelo</nombre>
        <codLocalidad>ES-PO</codLocalidad>
    </localidad>
    <localidad>
        <nombre>Orcasitas</nombre>
        <codLocalidad>ES-OR</codLocalidad>
    </localidad>
</localidades>
